brand,model_name,screen_size_inch,is_curved,vesa_pattern,weight_kg,screen_depth_mm
Acer,SH242Y Ebmihx,24,平面,75×75,3.43(含座), 232.9(含座)
Acer,SH242Y G0bih,24,平面,75×75,-,-
Acer,SB240Y G0bi,24,平面,100×100,2.89(含座),210.8(含座)
Acer,KG241Y Sbiip,24,平面,100×100,2.8,189(含座)
Acer,KG251Q Z1biip,25,平面,100×100,2.96,220(含座)
Acer,EDA270U Pbmiipx,27,曲面1500R,75×75,3.3,76.2
Acer,XZ270,27,曲面1500R,75×75,3.3,76
Acer,KB242Y,24,平面,100×100,2.81,65.3
Acer,SH272 G0bih,27,平面,75×75,3.6,48
Acer,SB273 G0bi,27,平面,100×100,-,-
Acer,EDA320Q PBIIPX,32,曲面1500R,100×100,4.3,83.8
Acer,XV271U M3bmiiprx,27,平面,100×100,4.5,66
Acer,KB272 EBI,27,平面,100×100,4.73,68.1
Acer,KB272,27,平面,100×100,4.73,68.6
Acer,XV272U,27,曲面1500R,75×75,3.3,76
Acer,XV272U F3bmiiprx,27,平面,100×100,4.58,67.7
Acer,KG271U N3bmiipx,27,平面,100×100,3.8,66
AOC,"22B35HM23 22"" Full HD 120Hz LED Monitor",22,平面,100×100,1.79,35.8
AOC,24B2H2 24” Frameless IPS Monitor,24,平面,100×100,2.44,37.6
AOC,"24G4 24"" Gaming Monitor",24,平面,100×100,2.58,50.6
AOC,24G15N 24 inch Gaming Monitor,24,平面,100×100,2.8,49.1
AOC,27B2H2 27” Frameless IPS Monitor,27,平面,100×100,3.2,38
AOC,"Q27G4XN 27"" Gaming Monitor",27,平面,100×100,3.24,51.3
AOC,Gaming Q27G41ZE 27 inch QHD IPS Gaming Monitor,27,平面,100×100,3.45,52.7
AOC,"CQ27G4H 27"" Curved Gaming Monitor",27,曲面,100×100,3.97,78.68
AOC,"C27G2Z 27"" Curved Frameless Gaming Monitor",27,曲面,100×100,4.1,73.2
AOC,"Agon PRO AG276QZD2 27"" QD-OLED Gaming Monitor",27,平面,100×100,5.2,74.4
AOC,"Q27G4ZD 27"" QD OLED Gaming Monitor",27,平面,100×100,5.2,55
AOC,"Q27G3XMN 27"" QHD Gaming Monitor",27,平面,100×100,5.43,71.8
AOC,"C32G2ZE 32"" Curved Frameless Gaming Monitor",32,曲面,100×100,-,-
AOC,"CQ32G4VE 32"" Curved Ultra-Wide Gaming Monitor",32,曲面,100×100,6.24,96.6
AOC,"C27G4ZH 27"" Curved Frameless Gaming Monitor",27,曲面,100×100,3.99,78.7
AOC,"C32G2 32"" Curved Frameless Gaming Monitor",32,曲面,100×100,-,-
AOC,27G15 27 inch Gaming Monitor,27,平面,100×100,3.59,50
ASUS,24” 1080P Eye Care Monitor (VA24EHF),24,平面,100×100,2.46,48.15
ASUS,24” 1080P VA249HG Eye Care Monitor,24,平面,100×100,2.8,46
ASUS,"VG248QG 24"" G-SYNC Gaming Monitor",24,平面,100×100,5.2(含座),50.45
ASUS,VA24DQ 23.8” Monitor,23.8,平面,100×100,3.34,51
ASUS,"TUF Gaming 27"" 2K HDR Gaming Monitor (VG27AQ)",27,平面,100×100,3.5,66
ASUS,ROG Swift OLED 27” 1440P Gaming Monitor (PG27AQDP),27,平面,100×100,3.5,50
ASUS,TUF Gaming 27” 1440P HDR Monitor (VG27AQ3A),27,平面,100×100,3.6,54
ASUS,"TUF Gaming 27"" 1080P Monitor (VG277Q1A)",27,平面,100×100,3.73,58.9
ASUS,ProArt Display PA248QV 24.1” WUXGA Monitor,24.1,平面,100×100,3.9,47
ASUS,ProArt Display 27” 4K HDR Professional Monitor (PA279CRV),27,平面,100×100,4.07,44.1
ASUS,"ASUS TUF Gaming 32"" 1440P HDR Curved Monitor (VG32VQ1B)",32,曲面,100×100,7.25(含座),87.33
ASUS,ASUS TUF Gaming VG27VH1B 27” Curved Monitor,27,曲面,100×100,5.35(含座),77.72
ASUS,ASUS ProArt Display PA278QV 27” WQHD Monitor,27,平面,100×100,4.96,51
ASUS,ROG Strix 26.5” 1440P QD-OLED Gaming Monitor (XG27ACDNG),26.5,平面,100×100,4.97,70.5
ASUS,27 Inch Monitor - 1080P (VA27EHF),27,平面,100×100,3.85(含座),47.2
ASUS,"ProArt Display 27"" Monitor PA278CV",27,平面,100×100,5.5,54
Dell,SE2425HM,24,平面,100×100,2.8,47.75
Dell,SE2425H,24,平面,100×100,2.8,49.26
Dell,SE2422HX Monitor - V5HXX,24,平面,100×100,3.18,49.69
Dell,S2425HS,24,平面,100×100,3.19,58.89
Dell,SE2725HM,27,平面,100×100,3.56,49.3
Dell,SE2725H,27,平面,100×100,3.74,55.56
Dell,SE2722HX Monitor - C4NYF,27,平面,100×100,3.8,55.56
Dell,S2725HS,27,平面,100×100,4.3,58.04
Dell,S2725DS,27,平面,100×100,4.49,58.81
Dell,S2725QS,27,平面,100×100,4.56,60
Dell,S2722QC,27,平面,100×100,5.37,55.43
Dell,S2721QS,27,平面,100×100,4.7,55.4
Dell,S2725QC,27,平面,100×100,5.37,60
Dell,G2725D,27,平面,100×100,5.29,57.56
Dell,S2722DC,27,平面,100×100,5.4,55.43
Dell,S3225QS,32,平面,100×100,5.97,61.36
Dell,S3222HN,32,曲面 1800R,100×100,6.76,63.5
Dell,S3425DW,34,曲面(21:9),100×100,6.91,116.89
Dell,S3221QS,32,曲面,100×100,7.4,64
Dell,S3422DWG Gaming Monitor - 2NOF4,34,曲面(21:9),100×100,7.71,85.85
HP,V24v G5,24,平面,100×100,3.36(含座),51.3
HP,324pf,24,平面,100×100,3.76(含座),51.3
HP,24mh,24,平面,100×100,2.43,45.9
HP,VH240a,24,平面,100×100,2.55,46
HP,E24 G5,24,平面,100×100,5.4(含座),47
HP,27h,27,平面,-,-,-
HP,327ph,27,平面,-,4.54,57
HP,327se,27,平面,100×100,4.1,56.6
HP,OMEN 27q,27,平面,100×100,-,52.32
HP,OMEN 32c,32,曲面,100×100,10.38(含座),235(含座)
LG,24U411A-B.AUSQ,24,平面,100×100,2.3,45.7
LG,24MP60G-B,24,平面,75×75,2.7,39.1
LG,27MS500-B,27,平面,75×75,3.1,56.2
LG,27U411A-B.AUSQ,27,平面,100×100,3,45.7
LG,27GS60QC-B.AUSQ,27,曲面,100×100,3.5,96.5
LG,27UP650K-W,27,平面,100×100,3.81,45.7
LG,27UP850K-W,27,平面,100×100,4.1,45.4
LG,27GL83A-B,27,平面,100×100,4.2,56.3
LG,27GR83Q-B,27,平面,100×100,4.5,50.8
LG,32GS60QC-B.AUSQ,32,曲面,100×100,4.58,111.7
LG,27US500-W.AUS,27,平面,100×100,4.8,45.4
LG,27GS93QE-B.AUS,27,平面,100×100,4.81,45.7
LG,34WR55QK-B.AUS,34,曲面(21:9),100×100,5,91.4
LG,34SR60QC-W.AUS,34,曲面(21:9),100×100,5.1,92
LG,32MR50C-B.AUSQ,32,曲面,100×100,5.14,92
LG,32UR500K-B.AUS,32,平面,100×100,5.22,223.5(含座)
LG,32U631A-B,32,平面,100×100,4.26,45.72
LG,34WP60C-B.AUS,34,曲面(21:9),100×100,5.81,91.44
LG,34GP63A-B,34,曲面(21:9),100×100,5.81,91.44
LG,34WQ73A-B,34,平面(21:9),100×100,6.71,83.82
Samsung,"24"" Essential S30GD",24,平面,100×100,2,36.2
Samsung,"22"" T350 Series",22,平面,100×100,2,39.4
Samsung,"27"" Essential S30GD",27,平面,100×100,2.4,36.2
Samsung,"24"" Odyssey G30D",24,平面,100×100,2.4,92
Samsung,"24"" FT45 Series",24,平面,100×100,2.6,39.4
Samsung,"24"" Essential S36GD",24,曲面1500R,75×75,2.6,102
Samsung,"27"" Odyssey G30D",27,平面,100×100,2.9,92.4
Samsung,"27"" T35F Series",27,平面,100×100,3.1,39.4
Samsung,"27"" FT45 Series",27,平面,100×100,3.2,39.4
Samsung,"27"" Essential S36GD",27,曲面1500R,75×75,3.3,108.2
Samsung,"27"" ViewFinity S70D",27,平面,100×100,3.5,41.6
Samsung,"32"" Odyssey G30D",32,平面,100×100,3.9,93.7
Samsung,"32"" Flat Monitor S30B",32,平面,100×100,4.3,40.9
Samsung,"32"" Odyssey G50D",32,平面,100×100,4.4,71.1
Samsung,"32"" Odyssey G55C",32,曲面1000R,75×75,4.8,135.9
Samsung,"34"" ViewFinity S65UA",34,曲面1000R,100×100,5.1,128.1
Samsung,"34"" Odyssey G5",34,曲面1000R,75×75,5.2,152.7
Samsung,"32"" UJ59 Series",32,平面,100×100,5.5,56.4
Samsung,"34"" ViewFinity S50GC",34,平面,100×100,4.2,36.4
BenQ,XL2566X+,24.1,平面,100×100,5.8,171.65(含座)
BenQ,XL2586X+,24.1,平面,100×100,5.9,171.65(含座)
BenQ,PV2750U,-,-,-,-,-
BenQ,PV3250U,31.5,平面,-,-,241.98(含座)
BenQ,PV3200U,31.5,平面,100×100,-,210.46(含座)
BenQ,SW240,24.1,平面,100×100,6.7,230.7(含座)
BenQ,SW242Q,24.1,平面,100×100,7.8,262.6(含座)
BenQ,BL2420PT,23.8,平面,100×100,7,239.6(含座)
BenQ,SW270C,27,平面,100×100,10.3,285.3(含座)
BenQ,SW271C,27,平面,100×100,10.9,285.3(含座)
BenQ,SW272Q,27,平面,100×100,8.3,274(含座)
BenQ,SW272U,27,平面,100×100,8.6,274(含座)
BenQ,SW321C,31.5,平面,100×100,12.6,285.3(含座)
BenQ,PD2500Q,25,平面,100×100,7.2,239.5(含座)
BenQ,PD2506Q,25,平面,100×100,7.6,256.9(含座)
BenQ,PD2700Q,27,平面,100×100,6.9,239.6(含座)
BenQ,PD2700U,27,平面,100×100,8.2,237.9(含座)
BenQ,PD2705Q,27,平面,100×100,8.5,230.7(含座)
BenQ,PD2705U,27,平面,100×100,9.3,256.8(含座)
BenQ,PD2705UA,27,平面,100×100,10,459.4(含座)
BenQ,PD2706U,27,平面,100×100,8.3,238.3(含座)
BenQ,PD2706UA,27,平面,100×100,9.1,463.0(含座)
BenQ,PD2725U,27,平面,100×100,8.3,273.3(含座)
BenQ,PD2730S,27,平面,-,-,242.07(含座)
BenQ,PD2706QN,27,平面,-,-,220.2(含座)
BenQ,PD3200Q,32,平面,100×100,13.1,285.3(含座)
BenQ,PD3200U,32,平面,100×100,13.2,285.3(含座)
BenQ,PD3205U,31.5,平面,100×100,9.4,256.8(含座)
BenQ,PD3205UA,31.5,平面,100×100,10.1,459.4(含座)
BenQ,PD3220U,31.5,平面,100×100,10.7,273.3(含座)
BenQ,PD3225U,31.5,平面,100×100,8.2,273.3(含座)
BenQ,PD3225U + AVLT arm,31.5,平面,-,-,273.3(含座)
BenQ,PD3226G,31.5,平面,-,-,242(含座)
BenQ,PD2770U,27,平面,-,-,242.07(含座)
BenQ,PD2732U,27,平面,-,-,241.98(含座)
BenQ,EX240,23.8,平面,100×100,5.9,252(含座)
BenQ,EX240N,23.8,平面,100×100,4.3,182.6(含座)
BenQ,EX2510S,24.5,平面,100×100,5.7,216.7(含座)
BenQ,EX270M,27,平面,100×100,6.4,252(含座)
BenQ,EX270QM,27,平面,100×100,7.6,194(含座)
BenQ,EX2710Q,27,平面,100×100,7.4,252.5(含座)
BenQ,EX2710S,27,平面,100×100,6.2,216.7(含座)
BenQ,EX2710U,27,平面,100×100,8,252.3(含座)
BenQ,EX251,24.5,平面,-,-,211.74(含座)
BenQ,EX2780Q,27,平面,100×100,5.9,195.2(含座)
BenQ,EX3210U,32,平面,100×100,9.5,269.9(含座)
BenQ,EX321UX,31.5,平面,100×100,9.7,306(含座)
BenQ,EX480UZ,48,平面,200×200,19.3,267.6(含座)
BenQ,EX271U,27,平面,100×100,-,276.8(含座)
BenQ,EX271Q,27,平面,100×100,-,276.8(含座)
BenQ,EX271,27,平面,100×100,-,211.74(含座)
BenQ,EX381U,37.5,平面,100×100,-,306(含座)
BenQ,EX271UZ,26.5,平面,-,-,223.48(含座)
BenQ,EX271QZ,26.5,平面,-,-,223.48(含座)
BenQ,EX271QMZ (semi-OTS),26.5,平面,-,-,223.5(含座)
BenQ,EX321UZ,31.5,平面,-,-,223.48(含座)
BenQ,EX2710R,27,曲面1000R,100×100,7.1,252.1(含座)
BenQ,EX3210R,31.5,曲面1000R,100×100,9.7,269.7(含座)
BenQ,EX3410R,34,曲面1000R,100×100,9.9,269.7(含座)
BenQ,EX3415R,34,曲面1900R,100×100,8.5,269.7(含座)
BenQ,RD240Q,24.1,平面,100×100,7.6,228.6(含座)
BenQ,RD280U,28.2,平面,100×100,10.4,244.5(含座)
BenQ,RD280UA,28.2,平面,100×100,11.4,476.0(含座)
BenQ,RD320U,31.5,平面,-,-,263.1(含座)
BenQ,RD280UG,28.2,平面,-,-,233.3(含座)
BenQ,RD270Q,27,平面,-,-,215.7(含座)
BenQ,RD340Q,-,-,-,-,-
BenQ,MA270S,27,平面,-,-,220.2(含座)
BenQ,MA270U,27,平面,-,-,220.2(含座)
BenQ,MA270UP,27,平面,-,-,220.2(含座)
BenQ,MA320U,31.5,平面,-,-,220.2(含座)
BenQ,MA320UP,31.5,平面,-,-,220.2(含座)
BenQ,MA320UG,31.5,平面,-,-,229.7(含座)
BenQ,MA271X,-,-,-,-,-
BenQ,MA270Q,-,-,-,-,-
BenQ,EW2480,23.8,平面,100×100,3.6,186.5(含座)
BenQ,EW2780,27,平面,100×100,4.4,186.5(含座)
BenQ,EW2780Q,27,平面,100×100,6,196(含座)
BenQ,EW2780U,27,平面,100×100,6.7,196(含座)
BenQ,EW2880U,28,平面,100×100,7.9,277(含座)
BenQ,EW3270U,31.5,平面,100×100,7.5,215(含座)
BenQ,EW3280U,32,平面,100×100,8.5,253.8(含座)
BenQ,EW3880R,37.5,曲面2300R,100×100,13,294.4(含座)
BenQ,EL2870U,28,平面,100×100,5.7,194.6(含座)
BenQ,EW3290U,31.5,平面,-,-,211.2(含座)
BenQ,EW2790U,27,平面,-,-,211.2(含座)
BenQ,EW2790Q,27,平面,-,-,211.2(含座)
BenQ,EW270Q,27,平面,-,-,211.15(含座)
BenQ,EW270U,-,-,-,-,-
BenQ,EW320U,-,-,-,-,-
BenQ,GW2280,21.5,平面,100×100,3.5,175.1(含座)
BenQ,GW2283,21.5,平面,100×100,3.7,175.1(含座)
BenQ,GW2475H,23.8,平面,100×100,-,189.2(含座)
BenQ,GW2480,23.8,平面,100×100,3.84,175(含座)
BenQ,GW2480L,23.8,平面,100×100,4.23,175(含座)
BenQ,GW2480T,23.8,平面,100×100,5.9,231(含座)
BenQ,GW2485TC,23.8,平面,100×100,-,184.9(含座)
BenQ,GW2490,23.8,平面,100×100,3.93,182(含座)
BenQ,GW2490T,23.8,平面,100×100,6.4,241(含座)
BenQ,GW2493C,-,-,-,-,-
BenQ,GW2780,27,平面,100×100,4.85,183(含座)
BenQ,GW2780T,27,平面,100×100,-,238.2(含座)
BenQ,GW2785TC,27,平面,100×100,-,234.9(含座)
BenQ,GW2790,27,平面,100×100,5,182(含座)
BenQ,GW2790QT,27,平面,100×100,8.4,238.5(含座)
BenQ,GW2790T,27,平面,100×100,7.14,241(含座)
BenQ,GW2793C,-,-,-,-,-
BenQ,GW3290QT,31.5,平面,100×100,10.1,251.5(含座)
BenQ,GW2791,27,平面,-,-,182(含座)
BenQ,GW2491,23.8,平面,-,-,182(含座)
BenQ,GL2480,24,平面,100×100,-,175(含座)
BenQ,GL2780,27,平面,100×100,-,-